exp_name                                     , mode , ring_type, fold     , task          , scene     , input_type                                                                                , dataset_task                                                                         , method_name   , epochs, lr    , criterion, batch_size, sample_len, mae_with_std, rmse_with_std, mape_with_std, pearson_with_std
mamba2-ring2-hr-motion-irredimu              , 5fold, ring2    , all-folds, hr            , motion    , "['ir-filtered', 'red-filtered', 'ax-standardized', 'ay-standardized', 'az-standardized']", "['deepsquat', 'striding']"                                                          , mamba2        ,    200, 0.0001, mse      ,          8,         42, 20.42±2.30  , 25.18±10.58  , 26.86±4.17   , -0.38±0.15
inception-time-ring1-samsung_hr-stationary-ir, test , ring1    , all-folds, samsung_hr    , stationary, ['ir-filtered']                                                                           , "['sitting', 'spo2', 'talking', 'shaking_head', 'standing']"                         , inception_time,    200, 0.001 , mse      ,        128,        151, 5.34±0.40   , 7.25±2.77    , 6.62±0.49    , 0.84±0.04
mamba2-ring1-hr-motion-irimu                 , 5fold, ring1    , all-folds, hr            , motion    , "['ir-filtered', 'ax-standardized', 'ay-standardized', 'az-standardized']"                , "['deepsquat', 'striding']"                                                          , mamba2        ,    200, 0.0001, mse      ,          8,         57, 23.36±1.69  , 26.54±9.74   , 29.63±3.11   , -0.45±0.12
peak-motion                                  , test , ring2    ,          , hr            , motion    , ['ir-filtered']                                                                           , "['deepsquat', 'striding']"                                                          , peak          ,    200, 0.001 , mse      ,        128,        181, 28.85±1.52  , 35.35±11.13  , 41.07±3.60   , -0.26±0.07
peak-motion                                  , test , ring1    ,          , hr            , motion    , ['ir-filtered']                                                                           , "['deepsquat', 'striding']"                                                          , peak          ,    200, 0.001 , mse      ,        128,        191, 21.27±1.42  , 28.93±10.14  , 35.86±3.84   , 0.12±0.07
peak-motion                                  , test , ring2    ,          , samsung_hr    , motion    , ['ir-filtered']                                                                           , "['deepsquat', 'striding']"                                                          , peak          ,    200, 0.001 , mse      ,        128,         25, 26.86±3.56  , 32.04±15.83  , 38.45±8.48   , -0.27±0.20
peak-motion                                  , test , ring1    ,          , samsung_hr    , motion    , ['ir-filtered']                                                                           , "['deepsquat', 'striding']"                                                          , peak          ,    200, 0.001 , mse      ,        128,         35, 22.52±3.69  , 31.14±16.94  , 38.62±9.45   , 0.08±0.17
peak-motion                                  , test , ring2    ,          , oura_hr       , motion    , ['ir-filtered']                                                                           , "['deepsquat', 'striding']"                                                          , peak          ,    200, 0.001 , mse      ,        128,         27, 25.39±3.42  , 30.80±15.39  , 36.29±7.98   , -0.16±0.20
peak-motion                                  , test , ring1    ,          , oura_hr       , motion    , ['ir-filtered']                                                                           , "['deepsquat', 'striding']"                                                          , peak          ,    200, 0.001 , mse      ,        128,         39, 23.52±3.73  , 32.90±16.95  , 42.74±9.61   , 0.08±0.16
peak-motion                                  , test , ring2    ,          , samsung_hr_com, motion    , ['ir-filtered']                                                                           , "['deepsquat', 'striding']"                                                          , peak          ,    200, 0.001 , mse      ,        128,         25, 36.03±4.66  , 42.64±21.90  , 49.17±11.01  , 0.41±0.19
peak-motion                                  , test , ring1    ,          , samsung_hr_com, motion    , ['ir-filtered']                                                                           , "['deepsquat', 'striding']"                                                          , peak          ,    200, 0.001 , mse      ,        128,         35, 38.51±3.86  , 44.59±19.41  , 56.51±9.52   , 0.38±0.16
peak-motion                                  , test , ring2    ,          , resp_rr       , motion    , ['ir-filtered-rr']                                                                        , "['deepsquat', 'striding']"                                                          , peak          ,    200, 0.001 , mse      ,        128,        172, 4.90±0.29   , 6.23±2.02    , 27.24±2.56   , 0.14±0.08
peak-motion                                  , test , ring1    ,          , resp_rr       , motion    , ['ir-filtered-rr']                                                                        , "['deepsquat', 'striding']"                                                          , peak          ,    200, 0.001 , mse      ,        128,        195, 4.15±0.25   , 5.41±1.73    , 19.88±1.50   , 0.30±0.07
peak-motion                                  , test , ring2    ,          , oura_hr_com   , motion    , ['ir-filtered']                                                                           , "['deepsquat', 'striding']"                                                          , peak          ,    200, 0.001 , mse      ,        128,         27, 44.80±4.20  , 49.64±23.00  , 62.36±11.85  , 0.00±0.20
peak-motion                                  , test , ring1    ,          , oura_hr_com   , motion    , ['ir-filtered']                                                                           , "['deepsquat', 'striding']"                                                          , peak          ,    200, 0.001 , mse      ,        128,         39, 42.95±3.54  , 48.17±19.93  , 66.46±10.04  , 0.18±0.16
transformer-ring2-hr-stationary-ir           , test , ring2    , all-folds, hr            , stationary, ['ir-filtered']                                                                           , "['sitting', 'spo2', 'talking', 'shaking_head', 'standing']"                         , transformer   ,    200, 0.001 , mse      ,        128,       1653, 7.74±0.14   , 9.63±1.82    , 10.02±0.18   , 0.32±0.02
mamba2-ring1-hr-stationary-ir                , 5fold, ring1    , all-folds, hr            , stationary, ['ir-filtered']                                                                           , "['sitting', 'spo2', 'talking', 'shaking_head', 'standing']"                         , mamba2        ,    200, 0.0001, mse      ,          8,        475, 9.24±0.32   , 11.53±2.87   , 11.44±0.38   , 0.21±0.04
inception-time-ring2-oura_hr-all-ir          , test , ring2    , all-folds, oura_hr       , all       , ['ir-filtered']                                                                           , "['sitting', 'spo2', 'deepsquat', 'talking', 'shaking_head', 'standing', 'striding']", inception_time,    200, 0.001 , mse      ,        128,        160, 10.74±0.68  , 13.76±5.22   , 13.92±1.15   , 0.34±0.07
transformer-ring2-hr-motion-ir               , test , ring2    , all-folds, hr            , motion    , ['ir-filtered']                                                                           , "['deepsquat', 'striding']"                                                          , transformer   ,    200, 0.001 , mse      ,        128,        181, 16.02±1.00  , 20.88±6.75   , 21.09±2.09   , 0.20±0.07
resnet-ring2-samsung_hr-stationary-ir        , test , ring2    , all-folds, samsung_hr    , stationary, ['ir-filtered']                                                                           , "['sitting', 'spo2', 'talking', 'shaking_head', 'standing']"                         , resnet        ,    200, 0.001 , mse      ,        128,         95, 5.56±0.52   , 7.53±3.08    , 7.27±0.77    , 0.82±0.06
transformer-ring2-oura_hr-all-ir             , test , ring2    , all-folds, oura_hr       , all       , ['ir-filtered']                                                                           , "['sitting', 'spo2', 'deepsquat', 'talking', 'shaking_head', 'standing', 'striding']", transformer   ,    200, 0.001 , mse      ,        128,        160, 10.37±0.70  , 13.64±5.40   , 13.23±1.10   , 0.39±0.07
inception-time-ring1-oura_hr-stationary-ir   , test , ring1    , all-folds, oura_hr       , stationary, ['ir-filtered']                                                                           , "['sitting', 'spo2', 'talking', 'shaking_head', 'standing']"                         , inception_time,    200, 0.001 , mse      ,        128,        198, 5.21±0.33   , 6.94±2.33    , 6.56±0.42    , 0.87±0.04
inception-time-ring1-hr-all-ir               , 5fold, ring1    , all-folds, hr            , all       , ['ir-filtered']                                                                           , "['sitting', 'spo2', 'deepsquat', 'talking', 'shaking_head', 'standing', 'striding']", inception_time,    200, 0.001 , mse      ,        128,       1892, 7.24±0.18   , 10.78±2.62   , 9.30±0.29    , 0.59±0.02
inception-time-ring1-hr-all-ir               , test , ring1    , all-folds, hr            , all       , ['ir-filtered']                                                                           , "['sitting', 'spo2', 'deepsquat', 'talking', 'shaking_head', 'standing', 'striding']", inception_time,    200, 0.001 , mse      ,        128,       1929, 6.01±0.17   , 9.63±2.53    , 7.84±0.28    , 0.68±0.02
resnet-ring2-spo2-spo2-irred                 , 5fold, ring2    , all-folds, spo2          , unknown   , "['ir-filtered', 'red-filtered']"                                                         , ['spo2']                                                                             , resnet        ,    200, 0.001 , mse      ,        128,        262, 3.48±0.22   , 4.93±1.63    , 3.88±0.25    , -0.02±0.06
transformer-ring2-bp-all-irred               , 5fold, ring2    , all-folds, BP_dia        , all       , "['ir-filtered', 'red-filtered']"                                                         , "['sitting', 'spo2', 'deepsquat', 'talking', 'shaking_head', 'standing', 'striding']", transformer   ,    200, 0.001 , mse      ,         16,         97, 8.87±0.65   , 10.94±3.87   , 13.78±1.09   , -0.08±0.10
transformer-ring2-bp-all-irred               , 5fold, ring2    , all-folds, BP_sys        , all       , "['ir-filtered', 'red-filtered']"                                                         , "['sitting', 'spo2', 'deepsquat', 'talking', 'shaking_head', 'standing', 'striding']", transformer   ,    200, 0.001 , mse      ,         16,         97, 17.13±1.10  , 20.23±6.72   , 15.65±0.93   , -0.08±0.10
transformer-ring2-samsung_hr-motion-ir       , test , ring2    , all-folds, samsung_hr    , motion    , ['ir-filtered']                                                                           , "['deepsquat', 'striding']"                                                          , transformer   ,    200, 0.001 , mse      ,        128,         25, 17.20±3.16  , 23.16±12.27  , 22.42±5.76   , -0.19±0.20
mamba2-ring1-rr-motion-ir                    , 5fold, ring1    , all-folds, resp_rr       , motion    , ['ir-filtered-rr']                                                                        , "['deepsquat', 'striding']"                                                          , mamba2        ,    200, 0.0001, mse      ,          8,         59, 3.93±0.40   , 4.99±2.10    , 20.68±3.82   , -0.31±0.13
inception-time-ring1-samsung_hr-all-ir       , test , ring1    , all-folds, samsung_hr    , all       , ['ir-filtered']                                                                           , "['sitting', 'spo2', 'deepsquat', 'talking', 'shaking_head', 'standing', 'striding']", inception_time,    200, 0.001 , mse      ,        128,        186, 8.00±0.73   , 12.80±5.57   , 10.47±1.23   , 0.58±0.06
transformer-ring1-oura_hr-motion-ir          , test , ring1    , all-folds, oura_hr       , motion    , ['ir-filtered']                                                                           , "['deepsquat', 'striding']"                                                          , transformer   ,    200, 0.001 , mse      ,        128,         39, 19.69±2.56  , 25.23±11.11  , 29.53±5.42   , -0.04±0.16
transformer-ring2-oura_hr-motion-ir          , test , ring2    , all-folds, oura_hr       , motion    , ['ir-filtered']                                                                           , "['deepsquat', 'striding']"                                                          , transformer   ,    200, 0.001 , mse      ,        128,         27, 17.03±3.08  , 23.18±12.19  , 21.70±5.40   , -0.15±0.20
mamba2-ring1-hr-all-irimu                    , 5fold, ring1    , all-folds, hr            , all       , "['ir-filtered', 'ax-standardized', 'ay-standardized', 'az-standardized']"                , "['sitting', 'spo2', 'deepsquat', 'talking', 'shaking_head', 'standing', 'striding']", mamba2        ,    200, 0.0001, mse      ,          8,        532, 13.36±0.39  , 16.14±3.83   , 15.94±0.48   , -0.01±0.04
inception-time-ring1-hr-stationary-ir        , test , ring1    , all-folds, hr            , stationary, ['ir-filtered']                                                                           , "['sitting', 'spo2', 'talking', 'shaking_head', 'standing']"                         , inception_time,    200, 0.001 , mse      ,        128,       1738, 4.61±0.11   , 6.37±1.40    , 5.86±0.13    , 0.84±0.01
ratio                                        , test , ring2    ,          , spo2          , unknown   , "['ir-raw', 'red-raw']"                                                                   , ['spo2']                                                                             , ratio         ,    200, 0.001 , mse      ,        128,        262, 3.31±0.13   , 3.95±1.15    , 3.58±0.15    , 0.28±0.06
ratio                                        , test , ring1    ,          , spo2          , unknown   , "['ir-raw', 'red-raw']"                                                                   , ['spo2']                                                                             , ratio         ,    200, 0.001 , mse      ,        128,        456, 3.57±0.14   , 4.65±1.34    , 3.86±0.16    , 0.30±0.04
inception-time-ring2-samsung_hr-all-ir       , test , ring2    , all-folds, samsung_hr    , all       , ['ir-filtered']                                                                           , "['sitting', 'spo2', 'deepsquat', 'talking', 'shaking_head', 'standing', 'striding']", inception_time,    200, 0.001 , mse      ,        128,        120, 10.79±0.84  , 14.15±5.79   , 13.83±1.47   , 0.39±0.08
resnet-ring1-hr-all-ir                       , 5fold, ring1    , all-folds, hr            , all       , ['ir-filtered']                                                                           , "['sitting', 'spo2', 'deepsquat', 'talking', 'shaking_head', 'standing', 'striding']", resnet        ,    200, 0.001 , mse      ,        128,       1892, 6.39±0.18   , 10.10±2.72   , 8.53±0.33    , 0.67±0.02
resnet-ring1-hr-all-ir                       , test , ring1    , all-folds, hr            , all       , ['ir-filtered']                                                                           , "['sitting', 'spo2', 'deepsquat', 'talking', 'shaking_head', 'standing', 'striding']", resnet        ,    200, 0.001 , mse      ,        128,       1929, 5.09±0.16   , 8.80±2.51    , 6.87±0.31    , 0.75±0.02
resnet-ring2-oura_hr-all-ir                  , test , ring2    , all-folds, oura_hr       , all       , ['ir-filtered']                                                                           , "['sitting', 'spo2', 'deepsquat', 'talking', 'shaking_head', 'standing', 'striding']", resnet        ,    200, 0.001 , mse      ,        128,        160, 7.55±0.69   , 11.55±5.03   , 10.22±1.23   , 0.62±0.06
mamba2-ring2-hr-motion-ir                    , 5fold, ring2    , all-folds, hr            , motion    , ['ir-filtered']                                                                           , "['deepsquat', 'striding']"                                                          , mamba2        ,    200, 0.0001, mse      ,          8,         42, 20.30±2.12  , 24.42±10.14  , 26.74±3.95   , -0.27±0.15
resnet-ring2-bp-all-irred                    , 5fold, ring2    , all-folds, BP_dia        , all       , "['ir-filtered', 'red-filtered']"                                                         , "['sitting', 'spo2', 'deepsquat', 'talking', 'shaking_head', 'standing', 'striding']", resnet        ,    200, 0.001 , mse      ,        128,         97, 8.63±0.68   , 10.89±4.22   , 13.66±1.19   , -0.14±0.10
resnet-ring2-bp-all-irred                    , 5fold, ring2    , all-folds, BP_sys        , all       , "['ir-filtered', 'red-filtered']"                                                         , "['sitting', 'spo2', 'deepsquat', 'talking', 'shaking_head', 'standing', 'striding']", resnet        ,    200, 0.001 , mse      ,        128,         97, 17.32±1.07  , 20.26±6.55   , 16.50±1.05   , -0.13±0.10
resnet-ring2-oura_hr-stationary-ir           , test , ring2    , all-folds, oura_hr       , stationary, ['ir-filtered']                                                                           , "['sitting', 'spo2', 'talking', 'shaking_head', 'standing']"                         , resnet        ,    200, 0.001 , mse      ,        128,        133, 5.93±0.51   , 8.35±3.37    , 8.01±0.78    , 0.75±0.06
mamba2-ring1-rr-stationary-ir                , 5fold, ring1    , all-folds, resp_rr       , stationary, ['ir-filtered-rr']                                                                        , "['sitting', 'spo2', 'talking', 'shaking_head', 'standing']"                         , mamba2        ,    200, 0.0001, mse      ,          8,        475, 4.22±0.13   , 5.05±1.21    , 29.41±1.36   , -0.27±0.04
peak-stationary                              , test , ring2    ,          , hr            , stationary, ['ir-filtered']                                                                           , "['sitting', 'spo2', 'talking', 'shaking_head', 'standing']"                         , peak          ,    200, 0.001 , mse      ,        128,       1653, 28.50±0.55  , 36.10±6.15   , 37.93±0.76   , 0.06±0.02
peak-stationary                              , test , ring1    ,          , hr            , stationary, ['ir-filtered']                                                                           , "['sitting', 'spo2', 'talking', 'shaking_head', 'standing']"                         , peak          ,    200, 0.001 , mse      ,        128,       1738, 18.17±0.46  , 26.47±5.19   , 23.49±0.60   , 0.38±0.02
peak-stationary                              , test , ring2    ,          , samsung_hr    , stationary, ['ir-filtered']                                                                           , "['sitting', 'spo2', 'talking', 'shaking_head', 'standing']"                         , peak          ,    200, 0.001 , mse      ,        128,         95, 14.64±1.65  , 21.69±10.38  , 19.30±2.23   , 0.19±0.10
peak-stationary                              , test , ring1    ,          , samsung_hr    , stationary, ['ir-filtered']                                                                           , "['sitting', 'spo2', 'talking', 'shaking_head', 'standing']"                         , peak          ,    200, 0.001 , mse      ,        128,        151, 18.10±1.54  , 26.10±9.22   , 23.07±1.99   , 0.40±0.08
peak-stationary                              , test , ring2    ,          , oura_hr       , stationary, ['ir-filtered']                                                                           , "['sitting', 'spo2', 'talking', 'shaking_head', 'standing']"                         , peak          ,    200, 0.001 , mse      ,        128,        133, 13.79±1.12  , 18.83±7.73   , 18.77±1.57   , 0.40±0.08
peak-stationary                              , test , ring1    ,          , oura_hr       , stationary, ['ir-filtered']                                                                           , "['sitting', 'spo2', 'talking', 'shaking_head', 'standing']"                         , peak          ,    200, 0.001 , mse      ,        128,        198, 19.10±1.40  , 27.39±8.54   , 24.83±1.87   , 0.33±0.07
peak-stationary                              , test , ring2    ,          , samsung_hr_com, stationary, ['ir-filtered']                                                                           , "['sitting', 'spo2', 'talking', 'shaking_head', 'standing']"                         , peak          ,    200, 0.001 , mse      ,        128,         95, 3.07±0.26   , 4.00±1.62    , 3.89±0.35    , 0.97±0.03
peak-stationary                              , test , ring1    ,          , samsung_hr_com, stationary, ['ir-filtered']                                                                           , "['sitting', 'spo2', 'talking', 'shaking_head', 'standing']"                         , peak          ,    200, 0.001 , mse      ,        128,        151, 3.27±0.22   , 4.25±1.47    , 4.07±0.29    , 0.96±0.02
peak-stationary                              , test , ring2    ,          , resp_rr       , stationary, ['ir-filtered-rr']                                                                        , "['sitting', 'spo2', 'talking', 'shaking_head', 'standing']"                         , peak          ,    200, 0.001 , mse      ,        128,       1532, 3.72±0.09   , 5.06±1.06    , 24.32±0.75   , 0.19±0.03
peak-stationary                              , test , ring1    ,          , resp_rr       , stationary, ['ir-filtered-rr']                                                                        , "['sitting', 'spo2', 'talking', 'shaking_head', 'standing']"                         , peak          ,    200, 0.001 , mse      ,        128,       1675, 2.85±0.07   , 3.94±0.85    , 18.22±0.53   , 0.44±0.02
peak-stationary                              , test , ring2    ,          , oura_hr_com   , stationary, ['ir-filtered']                                                                           , "['sitting', 'spo2', 'talking', 'shaking_head', 'standing']"                         , peak          ,    200, 0.001 , mse      ,        128,        133, 3.60±0.29   , 4.91±1.99    , 4.64±0.38    , 0.93±0.03
peak-stationary                              , test , ring1    ,          , oura_hr_com   , stationary, ['ir-filtered']                                                                           , "['sitting', 'spo2', 'talking', 'shaking_head', 'standing']"                         , peak          ,    200, 0.001 , mse      ,        128,        198, 3.62±0.24   , 4.91±1.76    , 4.47±0.29    , 0.93±0.03
transformer-ring1-bp-all-irred               , 5fold, ring1    , all-folds, BP_dia        , all       , "['ir-filtered', 'red-filtered']"                                                         , "['sitting', 'spo2', 'deepsquat', 'talking', 'shaking_head', 'standing', 'striding']", transformer   ,    200, 0.001 , mse      ,         16,        133, 8.66±0.52   , 10.53±3.42   , 13.45±0.89   , -0.06±0.09
transformer-ring1-bp-all-irred               , 5fold, ring1    , all-folds, BP_sys        , all       , "['ir-filtered', 'red-filtered']"                                                         , "['sitting', 'spo2', 'deepsquat', 'talking', 'shaking_head', 'standing', 'striding']", transformer   ,    200, 0.001 , mse      ,         16,        133, 15.04±0.79  , 17.58±5.43   , 14.08±0.71   , 0.08±0.09
resnet-ring1-rr-all-ir                       , 5fold, ring1    , all-folds, resp_rr       , all       , ['ir-filtered-rr']                                                                        , "['sitting', 'spo2', 'deepsquat', 'talking', 'shaking_head', 'standing', 'striding']", resnet        ,    200, 0.001 , mse      ,        128,       1833, 3.13±0.06   , 4.06±0.80    , 20.13±0.52   , 0.28±0.02
resnet-ring1-rr-all-ir                       , test , ring1    , all-folds, resp_rr       , all       , ['ir-filtered-rr']                                                                        , "['sitting', 'spo2', 'deepsquat', 'talking', 'shaking_head', 'standing', 'striding']", resnet        ,    200, 0.001 , mse      ,        128,       1870, 3.10±0.06   , 3.98±0.77    , 20.49±0.53   , 0.37±0.02
resnet-ring1-oura_hr-motion-ir               , test , ring1    , all-folds, oura_hr       , motion    , ['ir-filtered']                                                                           , "['deepsquat', 'striding']"                                                          , resnet        ,    200, 0.001 , mse      ,        128,         39, 19.54±2.57  , 25.18±11.33  , 30.45±5.97   , -0.01±0.16
resnet-ring2-hr-all-ir                       , 5fold, ring2    , all-folds, hr            , all       , ['ir-filtered']                                                                           , "['sitting', 'spo2', 'deepsquat', 'talking', 'shaking_head', 'standing', 'striding']", resnet        ,    200, 0.001 , mse      ,        128,       1730, 7.50±0.19   , 10.78±2.59   , 9.94±0.33    , 0.47±0.02
resnet-ring2-hr-all-ir                       , test , ring2    , all-folds, hr            , all       , ['ir-filtered']                                                                           , "['sitting', 'spo2', 'deepsquat', 'talking', 'shaking_head', 'standing', 'striding']", resnet        ,    200, 0.001 , mse      ,        128,       1834, 7.11±0.16   , 10.00±2.32   , 9.56±0.30    , 0.56±0.02
inception-time-ring1-rr-all-ir               , 5fold, ring1    , all-folds, resp_rr       , all       , ['ir-filtered-rr']                                                                        , "['sitting', 'spo2', 'deepsquat', 'talking', 'shaking_head', 'standing', 'striding']", inception_time,    200, 0.001 , mse      ,        128,       1833, 3.12±0.06   , 4.05±0.78    , 20.00±0.52   , 0.26±0.02
inception-time-ring1-rr-all-ir               , test , ring1    , all-folds, resp_rr       , all       , ['ir-filtered-rr']                                                                        , "['sitting', 'spo2', 'deepsquat', 'talking', 'shaking_head', 'standing', 'striding']", inception_time,    200, 0.001 , mse      ,        128,       1870, 3.08±0.06   , 4.00±0.77    , 20.25±0.53   , 0.34±0.02
inceptiontime-ring2-spo2-spo2-irred          , 5fold, ring2    , all-folds, spo2          , unknown   , "['ir-filtered', 'red-filtered']"                                                         , ['spo2']                                                                             , inception_time,    200, 0.001 , mse      ,        128,        262, 3.46±0.22   , 4.91±1.61    , 3.86±0.25    , 0.00±0.06
peak                                         , test , ring2    ,          , hr            , unknown   , ['ir-filtered']                                                                           , "['sitting', 'spo2', 'deepsquat', 'talking', 'shaking_head', 'standing', 'striding']", peak          ,    200, 0.001 , mse      ,        128,       1834, 28.53±0.51  , 36.03±6.01   , 38.24±0.77   , 0.00±0.02
peak                                         , test , ring1    ,          , hr            , unknown   , ['ir-filtered']                                                                           , "['sitting', 'spo2', 'deepsquat', 'talking', 'shaking_head', 'standing', 'striding']", peak          ,    200, 0.001 , mse      ,        128,       1929, 18.47±0.44  , 26.72±5.13   , 24.72±0.67   , 0.32±0.02
peak                                         , test , ring2    ,          , samsung_hr    , unknown   , ['ir-filtered']                                                                           , "['sitting', 'spo2', 'deepsquat', 'talking', 'shaking_head', 'standing', 'striding']", peak          ,    200, 0.001 , mse      ,        128,        120, 17.18±1.56  , 24.21±10.08  , 23.29±2.57   , 0.07±0.09
peak                                         , test , ring1    ,          , samsung_hr    , unknown   , ['ir-filtered']                                                                           , "['sitting', 'spo2', 'deepsquat', 'talking', 'shaking_head', 'standing', 'striding']", peak          ,    200, 0.001 , mse      ,        128,        186, 18.93±1.43  , 27.12±9.36   , 25.99±2.43   , 0.30±0.07
peak                                         , test , ring2    ,          , oura_hr       , unknown   , ['ir-filtered']                                                                           , "['sitting', 'spo2', 'deepsquat', 'talking', 'shaking_head', 'standing', 'striding']", peak          ,    200, 0.001 , mse      ,        128,        160, 15.75±1.14  , 21.33±8.11   , 21.73±1.93   , 0.27±0.08
peak                                         , test , ring1    ,          , oura_hr       , unknown   , ['ir-filtered']                                                                           , "['sitting', 'spo2', 'deepsquat', 'talking', 'shaking_head', 'standing', 'striding']", peak          ,    200, 0.001 , mse      ,        128,        237, 19.82±1.32  , 28.37±8.79   , 27.78±2.25   , 0.26±0.06
peak                                         , test , ring2    ,          , samsung_hr_com, unknown   , ['ir-filtered']                                                                           , "['sitting', 'spo2', 'deepsquat', 'talking', 'shaking_head', 'standing', 'striding']", peak          ,    200, 0.001 , mse      ,        128,        120, 9.94±1.57   , 19.78±10.91  , 13.32±2.83   , 0.61±0.07
peak                                         , test , ring1    ,          , samsung_hr_com, unknown   , ['ir-filtered']                                                                           , "['sitting', 'spo2', 'deepsquat', 'talking', 'shaking_head', 'standing', 'striding']", peak          ,    200, 0.001 , mse      ,        128,        186, 9.90±1.25   , 19.72±9.49   , 13.94±2.34   , 0.56±0.06
peak                                         , test , ring2    ,          , resp_rr       , unknown   , ['ir-filtered-rr']                                                                        , "['sitting', 'spo2', 'deepsquat', 'talking', 'shaking_head', 'standing', 'striding']", peak          ,    200, 0.001 , mse      ,        128,       1704, 3.84±0.08   , 5.19±1.04    , 24.62±0.72   , 0.22±0.02
peak                                         , test , ring1    ,          , resp_rr       , unknown   , ['ir-filtered-rr']                                                                        , "['sitting', 'spo2', 'deepsquat', 'talking', 'shaking_head', 'standing', 'striding']", peak          ,    200, 0.001 , mse      ,        128,       1870, 2.98±0.07   , 4.12±0.85    , 18.39±0.50   , 0.50±0.02
peak                                         , test , ring2    ,          , oura_hr_com   , unknown   , ['ir-filtered']                                                                           , "['sitting', 'spo2', 'deepsquat', 'talking', 'shaking_head', 'standing', 'striding']", peak          ,    200, 0.001 , mse      ,        128,        160, 10.56±1.43  , 20.88±10.67  , 14.38±2.63   , 0.49±0.07
peak                                         , test , ring1    ,          , oura_hr_com   , unknown   , ['ir-filtered']                                                                           , "['sitting', 'spo2', 'deepsquat', 'talking', 'shaking_head', 'standing', 'striding']", peak          ,    200, 0.001 , mse      ,        128,        237, 10.09±1.13  , 20.05±9.23   , 14.67±2.23   , 0.47±0.06
resnet-ring1-bp-all-irred                    , 5fold, ring1    , all-folds, BP_dia        , all       , "['ir-filtered', 'red-filtered']"                                                         , "['sitting', 'spo2', 'deepsquat', 'talking', 'shaking_head', 'standing', 'striding']", resnet        ,    200, 0.001 , mse      ,        128,        133, 7.42±0.52   , 9.53±3.49    , 11.42±0.83   , 0.11±0.09
resnet-ring1-bp-all-irred                    , 5fold, ring1    , all-folds, BP_sys        , all       , "['ir-filtered', 'red-filtered']"                                                         , "['sitting', 'spo2', 'deepsquat', 'talking', 'shaking_head', 'standing', 'striding']", resnet        ,    200, 0.001 , mse      ,        128,        133, 14.00±0.85  , 17.07±5.69   , 13.26±0.80   , 0.06±0.09
mamba2-ring2-hr-all-irredimu                 , 5fold, ring2    , all-folds, hr            , all       , "['ir-filtered', 'red-filtered', 'ax-standardized', 'ay-standardized', 'az-standardized']", "['sitting', 'spo2', 'deepsquat', 'talking', 'shaking_head', 'standing', 'striding']", mamba2        ,    200, 0.0001, mse      ,          8,        429, 10.73±0.35  , 12.96±3.59   , 13.62±0.52   , 0.09±0.05
resnet-ring1-rr-motion-ir                    , test , ring1    , all-folds, resp_rr       , motion    , ['ir-filtered-rr']                                                                        , "['deepsquat', 'striding']"                                                          , resnet        ,    200, 0.001 , mse      ,        128,        195, 4.78±0.23   , 5.77±1.65    , 22.44±1.27   , 0.05±0.07
transformer-ring2-oura_hr-stationary-ir      , test , ring2    , all-folds, oura_hr       , stationary, ['ir-filtered']                                                                           , "['sitting', 'spo2', 'talking', 'shaking_head', 'standing']"                         , transformer   ,    200, 0.001 , mse      ,        128,        133, 9.01±0.50   , 10.72±3.31   , 11.51±0.68   , 0.54±0.07
resnet-ring1-samsung_hr-stationary-ir        , test , ring1    , all-folds, samsung_hr    , stationary, ['ir-filtered']                                                                           , "['sitting', 'spo2', 'talking', 'shaking_head', 'standing']"                         , resnet        ,    200, 0.001 , mse      ,        128,        151, 3.39±0.24   , 4.49±1.71    , 4.10±0.29    , 0.94±0.03
transformer-ring1-samsung_hr-motion-ir       , test , ring1    , all-folds, samsung_hr    , motion    , ['ir-filtered']                                                                           , "['deepsquat', 'striding']"                                                          , transformer   ,    200, 0.001 , mse      ,        128,         35, 18.44±2.63  , 23.99±11.17  , 26.36±5.34   , -0.00±0.17
transformer-ring1-oura_hr-all-ir             , test , ring1    , all-folds, oura_hr       , all       , ['ir-filtered']                                                                           , "['sitting', 'spo2', 'deepsquat', 'talking', 'shaking_head', 'standing', 'striding']", transformer   ,    200, 0.001 , mse      ,        128,        237, 8.00±0.62   , 12.41±5.01   , 10.66±1.11   , 0.63±0.05
transformer-ring2-spo2-spo2-irred            , 5fold, ring2    , all-folds, spo2          , unknown   , "['ir-filtered', 'red-filtered']"                                                         , ['spo2']                                                                             , transformer   ,    200, 0.001 , mse      ,         16,        262, 3.49±0.22   , 4.99±1.64    , 3.91±0.26    , 0.06±0.06
transformer-ring1-hr-stationary-ir           , test , ring1    , all-folds, hr            , stationary, ['ir-filtered']                                                                           , "['sitting', 'spo2', 'talking', 'shaking_head', 'standing']"                         , transformer   ,    200, 0.001 , mse      ,        128,       1738, 5.33±0.11   , 7.14±1.50    , 6.54±0.14    , 0.80±0.01
transformer-ring1-rr-all-ir                  , 5fold, ring1    , all-folds, resp_rr       , all       , ['ir-filtered-rr']                                                                        , "['sitting', 'spo2', 'deepsquat', 'talking', 'shaking_head', 'standing', 'striding']", transformer   ,    200, 0.001 , mse      ,        128,       1833, 3.34±0.06   , 4.31±0.82    , 21.31±0.55   , -0.05±0.02
transformer-ring1-rr-all-ir                  , test , ring1    , all-folds, resp_rr       , all       , ['ir-filtered-rr']                                                                        , "['sitting', 'spo2', 'deepsquat', 'talking', 'shaking_head', 'standing', 'striding']", transformer   ,    200, 0.001 , mse      ,        128,       1870, 3.30±0.06   , 4.23±0.79    , 21.73±0.57   , 0.12±0.02
fft                                          , test , ring2    ,          , hr            , unknown   , ['ir-filtered']                                                                           , "['sitting', 'spo2', 'deepsquat', 'talking', 'shaking_head', 'standing', 'striding']", fft           ,    200, 0.001 , mse      ,        128,       1834, 15.10±0.46  , 24.85±5.25   , 17.93±0.51   , 0.08±0.02
fft                                          , test , ring1    ,          , hr            , unknown   , ['ir-filtered']                                                                           , "['sitting', 'spo2', 'deepsquat', 'talking', 'shaking_head', 'standing', 'striding']", fft           ,    200, 0.001 , mse      ,        128,       1929, 9.32±0.40   , 19.80±4.81   , 10.90±0.43   , 0.36±0.02
fft                                          , test , ring2    ,          , samsung_hr    , unknown   , ['ir-filtered']                                                                           , "['sitting', 'spo2', 'deepsquat', 'talking', 'shaking_head', 'standing', 'striding']", fft           ,    200, 0.001 , mse      ,        128,        120, 20.25±2.22  , 31.57±12.21  , 22.30±2.20   , -0.03±0.09
fft                                          , test , ring1    ,          , samsung_hr    , unknown   , ['ir-filtered']                                                                           , "['sitting', 'spo2', 'deepsquat', 'talking', 'shaking_head', 'standing', 'striding']", fft           ,    200, 0.001 , mse      ,        128,        186, 12.06±1.50  , 23.70±9.73   , 13.72±1.57   , 0.33±0.07
fft                                          , test , ring2    ,          , oura_hr       , unknown   , ['ir-filtered']                                                                           , "['sitting', 'spo2', 'deepsquat', 'talking', 'shaking_head', 'standing', 'striding']", fft           ,    200, 0.001 , mse      ,        128,        160, 17.62±1.75  , 28.28±10.69  , 20.06±1.79   , 0.09±0.08
fft                                          , test , ring1    ,          , oura_hr       , unknown   , ['ir-filtered']                                                                           , "['sitting', 'spo2', 'deepsquat', 'talking', 'shaking_head', 'standing', 'striding']", fft           ,    200, 0.001 , mse      ,        128,        237, 11.37±1.26  , 22.43±8.83   , 13.16±1.34   , 0.40±0.06
fft                                          , test , ring2    ,          , samsung_hr_com, unknown   , ['ir-filtered']                                                                           , "['sitting', 'spo2', 'deepsquat', 'talking', 'shaking_head', 'standing', 'striding']", fft           ,    200, 0.001 , mse      ,        128,        120, 9.94±1.57   , 19.78±10.91  , 13.32±2.83   , 0.61±0.07
fft                                          , test , ring1    ,          , samsung_hr_com, unknown   , ['ir-filtered']                                                                           , "['sitting', 'spo2', 'deepsquat', 'talking', 'shaking_head', 'standing', 'striding']", fft           ,    200, 0.001 , mse      ,        128,        186, 9.90±1.25   , 19.72±9.49   , 13.94±2.34   , 0.56±0.06
fft                                          , test , ring2    ,          , resp_rr       , unknown   , ['ir-filtered-rr']                                                                        , "['sitting', 'spo2', 'deepsquat', 'talking', 'shaking_head', 'standing', 'striding']", fft           ,    200, 0.001 , mse      ,        128,        940, 4.96±0.11   , 6.01±1.24    , 27.08±0.56   , 0.21±0.03
fft                                          , test , ring1    ,          , resp_rr       , unknown   , ['ir-filtered-rr']                                                                        , "['sitting', 'spo2', 'deepsquat', 'talking', 'shaking_head', 'standing', 'striding']", fft           ,    200, 0.001 , mse      ,        128,       1870, 4.83±0.08   , 5.97±1.09    , 26.35±0.37   , 0.33±0.02
fft                                          , test , ring2    ,          , oura_hr_com   , unknown   , ['ir-filtered']                                                                           , "['sitting', 'spo2', 'deepsquat', 'talking', 'shaking_head', 'standing', 'striding']", fft           ,    200, 0.001 , mse      ,        128,        160, 10.56±1.43  , 20.88±10.67  , 14.38±2.63   , 0.49±0.07
fft                                          , test , ring1    ,          , oura_hr_com   , unknown   , ['ir-filtered']                                                                           , "['sitting', 'spo2', 'deepsquat', 'talking', 'shaking_head', 'standing', 'striding']", fft           ,    200, 0.001 , mse      ,        128,        237, 10.09±1.13  , 20.05±9.23   , 14.67±2.23   , 0.47±0.06
transformer-ring1-hr-motion-ir               , test , ring1    , all-folds, hr            , motion    , ['ir-filtered']                                                                           , "['deepsquat', 'striding']"                                                          , transformer   ,    200, 0.001 , mse      ,        128,        191, 18.53±1.03  , 23.33±6.87   , 26.52±2.33   , 0.07±0.07
inception-time-ring2-hr-motion-ir            , test , ring2    , all-folds, hr            , motion    , ['ir-filtered']                                                                           , "['deepsquat', 'striding']"                                                          , inception_time,    200, 0.001 , mse      ,        128,        181, 15.64±0.97  , 20.31±6.78   , 21.18±2.25   , 0.26±0.07
transformer-ring1-samsung_hr-stationary-ir   , test , ring1    , all-folds, samsung_hr    , stationary, ['ir-filtered']                                                                           , "['sitting', 'spo2', 'talking', 'shaking_head', 'standing']"                         , transformer   ,    200, 0.001 , mse      ,        128,        151, 6.13±0.40   , 7.87±2.84    , 7.31±0.48    , 0.83±0.05
mamba2-ring2-hr-motion-irimu                 , 5fold, ring2    , all-folds, hr            , motion    , "['ir-filtered', 'ax-standardized', 'ay-standardized', 'az-standardized']"                , "['deepsquat', 'striding']"                                                          , mamba2        ,    200, 0.0001, mse      ,          8,         42, 20.17±2.04  , 24.04±9.91   , 26.35±3.77   , -0.20±0.15
inception-time-ring2-samsung_hr-motion-ir    , test , ring2    , all-folds, samsung_hr    , motion    , ['ir-filtered']                                                                           , "['deepsquat', 'striding']"                                                          , inception_time,    200, 0.001 , mse      ,        128,         25, 17.63±2.92  , 22.71±11.71  , 23.52±5.94   , 0.01±0.21
resnet-ring1-hr-stationary-ir                , test , ring1    , all-folds, hr            , stationary, ['ir-filtered']                                                                           , "['sitting', 'spo2', 'talking', 'shaking_head', 'standing']"                         , resnet        ,    200, 0.001 , mse      ,        128,       1738, 3.67±0.09   , 5.20±1.24    , 4.68±0.12    , 0.90±0.01
inception-time-ring1-samsung_hr-motion-ir    , test , ring1    , all-folds, samsung_hr    , motion    , ['ir-filtered']                                                                           , "['deepsquat', 'striding']"                                                          , inception_time,    200, 0.001 , mse      ,        128,         35, 19.49±2.79  , 25.39±11.65  , 27.11±5.41   , -0.09±0.17
transformer-ring1-rr-stationary-ir           , test , ring1    , all-folds, resp_rr       , stationary, ['ir-filtered-rr']                                                                        , "['sitting', 'spo2', 'talking', 'shaking_head', 'standing']"                         , transformer   ,    200, 0.001 , mse      ,        128,       1675, 3.06±0.06   , 3.89±0.75    , 21.46±0.61   , 0.07±0.02
inceptiontime-ring1-bp-all-irred             , 5fold, ring1    , all-folds, BP_dia        , all       , "['ir-filtered', 'red-filtered']"                                                         , "['sitting', 'spo2', 'deepsquat', 'talking', 'shaking_head', 'standing', 'striding']", inception_time,    200, 0.001 , mse      ,        128,        133, 8.56±0.59   , 10.94±3.94   , 12.81±0.87   , 0.04±0.09
inceptiontime-ring1-bp-all-irred             , 5fold, ring1    , all-folds, BP_sys        , all       , "['ir-filtered', 'red-filtered']"                                                         , "['sitting', 'spo2', 'deepsquat', 'talking', 'shaking_head', 'standing', 'striding']", inception_time,    200, 0.001 , mse      ,        128,        133, 16.08±1.05  , 20.11±7.06   , 14.60±0.87   , -0.00±0.09
resnet-ring1-spo2-spo2-irred                 , 5fold, ring1    , all-folds, spo2          , unknown   , "['ir-filtered', 'red-filtered']"                                                         , ['spo2']                                                                             , resnet        ,    200, 0.001 , mse      ,        128,        439, 3.19±0.14   , 4.40±1.33    , 3.55±0.17    , 0.15±0.05
mamba2-ring2-rr-all-ir                       , 5fold, ring2    , all-folds, resp_rr       , all       , ['ir-filtered-rr']                                                                        , "['sitting', 'spo2', 'deepsquat', 'talking', 'shaking_head', 'standing', 'striding']", mamba2        ,    200, 0.0001, mse      ,          8,        431, 4.46±0.13   , 5.23±1.23    , 30.34±1.43   , -0.31±0.05
mamba2-ring2-rr-all-ir                       , 5fold, ring2    , all-folds, resp_rr       , all       , ['ir-filtered-rr']                                                                        , "['sitting', 'spo2', 'deepsquat', 'talking', 'shaking_head', 'standing', 'striding']", mamba2        ,    200, 0.0001, mse      ,          8,        431, 4.47±0.13   , 5.24±1.23    , 30.32±1.41   , -0.27±0.05
transformer-ring1-oura_hr-stationary-ir      , test , ring1    , all-folds, oura_hr       , stationary, ['ir-filtered']                                                                           , "['sitting', 'spo2', 'talking', 'shaking_head', 'standing']"                         , transformer   ,    200, 0.001 , mse      ,        128,        198, 5.70±0.37   , 7.69±2.65    , 6.95±0.47    , 0.85±0.04
mamba2-ring2-hr-all-ir                       , 5fold, ring2    , all-folds, hr            , all       , ['ir-filtered']                                                                           , "['sitting', 'spo2', 'deepsquat', 'talking', 'shaking_head', 'standing', 'striding']", mamba2        ,    200, 0.0001, mse      ,          8,        429, 11.47±0.36  , 13.68±3.66   , 14.75±0.56   , 0.04±0.05
mamba2-ring2-hr-all-ir                       , 5fold, ring2    , all-folds, hr            , all       , ['ir-filtered']                                                                           , "['sitting', 'spo2', 'deepsquat', 'talking', 'shaking_head', 'standing', 'striding']", mamba2        ,    200, 0.0001, mse      ,          8,        429, 11.35±0.37  , 13.67±3.66   , 14.53±0.55   , 0.01±0.05
resnet-ring2-samsung_hr-all-ir               , test , ring2    , all-folds, samsung_hr    , all       , ['ir-filtered']                                                                           , "['sitting', 'spo2', 'deepsquat', 'talking', 'shaking_head', 'standing', 'striding']", resnet        ,    200, 0.001 , mse      ,        128,        120, 7.64±0.82   , 11.77±5.58   , 10.28±1.52   , 0.64±0.07
transformer-ring1-rr-motion-ir               , test , ring1    , all-folds, resp_rr       , motion    , ['ir-filtered-rr']                                                                        , "['deepsquat', 'striding']"                                                          , transformer   ,    200, 0.001 , mse      ,        128,        195, 5.38±0.25   , 6.42±1.74    , 24.03±1.31   , -0.06±0.07
inception-time-ring1-oura_hr-all-ir          , test , ring1    , all-folds, oura_hr       , all       , ['ir-filtered']                                                                           , "['sitting', 'spo2', 'deepsquat', 'talking', 'shaking_head', 'standing', 'striding']", inception_time,    200, 0.001 , mse      ,        128,        237, 7.75±0.63   , 12.41±5.13   , 10.44±1.10   , 0.62±0.05
transformer-ring2-hr-all-ir                  , 5fold, ring2    , all-folds, hr            , all       , ['ir-filtered']                                                                           , "['sitting', 'spo2', 'deepsquat', 'talking', 'shaking_head', 'standing', 'striding']", transformer   ,    200, 0.001 , mse      ,        128,       1730, 9.11±0.18   , 11.85±2.53   , 11.88±0.31   , 0.15±0.02
transformer-ring2-hr-all-ir                  , test , ring2    , all-folds, hr            , all       , ['ir-filtered']                                                                           , "['sitting', 'spo2', 'deepsquat', 'talking', 'shaking_head', 'standing', 'striding']", transformer   ,    200, 0.001 , mse      ,        128,       1834, 8.56±0.17   , 11.25±2.43   , 11.12±0.28   , 0.30±0.02
inception-time-ring2-oura_hr-motion-ir       , test , ring2    , all-folds, oura_hr       , motion    , ['ir-filtered']                                                                           , "['deepsquat', 'striding']"                                                          , inception_time,    200, 0.001 , mse      ,        128,         27, 17.52±2.88  , 22.87±11.64  , 22.80±5.57   , -0.01±0.20
mamba2-ring1-hr-motion-irredimu              , 5fold, ring1    , all-folds, hr            , motion    , "['ir-filtered', 'red-filtered', 'ax-standardized', 'ay-standardized', 'az-standardized']", "['deepsquat', 'striding']"                                                          , mamba2        ,    200, 0.0001, mse      ,          8,         57, 21.08±1.45  , 23.70±8.49   , 26.80±2.69   , -0.22±0.13
resnet-ring1-oura_hr-all-ir                  , test , ring1    , all-folds, oura_hr       , all       , ['ir-filtered']                                                                           , "['sitting', 'spo2', 'deepsquat', 'talking', 'shaking_head', 'standing', 'striding']", resnet        ,    200, 0.001 , mse      ,        128,        237, 5.86±0.60   , 10.94±5.07   , 8.32±1.19    , 0.72±0.05
mamba2-ring2-hr-stationary-ir                , 5fold, ring2    , all-folds, hr            , stationary, ['ir-filtered']                                                                           , "['sitting', 'spo2', 'talking', 'shaking_head', 'standing']"                         , mamba2        ,    200, 0.0001, mse      ,          8,        387, 10.12±0.28  , 11.56±2.51   , 12.88±0.37   , 0.09±0.05
resnet-ring1-hr-motion-ir                    , test , ring1    , all-folds, hr            , motion    , ['ir-filtered']                                                                           , "['deepsquat', 'striding']"                                                          , resnet        ,    200, 0.001 , mse      ,        128,        191, 17.99±1.06  , 23.15±7.16   , 26.79±2.50   , 0.06±0.07
mamba2-ring2-hr-all-irimu                    , 5fold, ring2    , all-folds, hr            , all       , "['ir-filtered', 'ax-standardized', 'ay-standardized', 'az-standardized']"                , "['sitting', 'spo2', 'deepsquat', 'talking', 'shaking_head', 'standing', 'striding']", mamba2        ,    200, 0.0001, mse      ,          8,        429, 11.44±0.36  , 13.65±3.61   , 14.60±0.54   , 0.06±0.05
resnet-ring2-oura_hr-motion-ir               , test , ring2    , all-folds, oura_hr       , motion    , ['ir-filtered']                                                                           , "['deepsquat', 'striding']"                                                          , resnet        ,    200, 0.001 , mse      ,        128,         27, 15.48±2.82  , 21.13±11.14  , 21.06±5.83   , 0.30±0.19
mamba2-ring2-rr-motion-ir                    , 5fold, ring2    , all-folds, resp_rr       , motion    , ['ir-filtered-rr']                                                                        , "['deepsquat', 'striding']"                                                          , mamba2        ,    200, 0.0001, mse      ,          8,         44, 4.49±0.45   , 5.37±2.32    , 24.39±5.09   , -0.10±0.15
inception-time-ring2-samsung_hr-stationary-ir, test , ring2    , all-folds, samsung_hr    , stationary, ['ir-filtered']                                                                           , "['sitting', 'spo2', 'talking', 'shaking_head', 'standing']"                         , inception_time,    200, 0.001 , mse      ,        128,         95, 8.99±0.62   , 10.83±3.65   , 11.29±0.87   , 0.54±0.09
fft-stationary                               , test , ring2    ,          , hr            , stationary, ['ir-filtered']                                                                           , "['sitting', 'spo2', 'talking', 'shaking_head', 'standing']"                         , fft           ,    200, 0.001 , mse      ,        128,       1653, 12.42±0.43  , 21.40±4.77   , 15.21±0.50   , 0.18±0.02
fft-stationary                               , test , ring1    ,          , hr            , stationary, ['ir-filtered']                                                                           , "['sitting', 'spo2', 'talking', 'shaking_head', 'standing']"                         , fft           ,    200, 0.001 , mse      ,        128,       1738, 6.04±0.32   , 14.50±3.97   , 7.30±0.37    , 0.56±0.02
fft-stationary                               , test , ring2    ,          , samsung_hr    , stationary, ['ir-filtered']                                                                           , "['sitting', 'spo2', 'talking', 'shaking_head', 'standing']"                         , fft           ,    200, 0.001 , mse      ,        128,         95, 14.82±2.24  , 26.28±11.52  , 16.45±2.31   , 0.05±0.10
fft-stationary                               , test , ring1    ,          , samsung_hr    , stationary, ['ir-filtered']                                                                           , "['sitting', 'spo2', 'talking', 'shaking_head', 'standing']"                         , fft           ,    200, 0.001 , mse      ,        128,        151, 5.13±1.02   , 13.51±7.26   , 5.92±1.11    , 0.64±0.06
fft-stationary                               , test , ring2    ,          , oura_hr       , stationary, ['ir-filtered']                                                                           , "['sitting', 'spo2', 'talking', 'shaking_head', 'standing']"                         , fft           ,    200, 0.001 , mse      ,        128,        133, 12.67±1.61  , 22.42±9.35   , 14.94±1.76   , 0.28±0.08
fft-stationary                               , test , ring1    ,          , oura_hr       , stationary, ['ir-filtered']                                                                           , "['sitting', 'spo2', 'talking', 'shaking_head', 'standing']"                         , fft           ,    200, 0.001 , mse      ,        128,        198, 5.57±0.87   , 13.38±6.33   , 6.66±0.99    , 0.68±0.05
fft-stationary                               , test , ring2    ,          , samsung_hr_com, stationary, ['ir-filtered']                                                                           , "['sitting', 'spo2', 'talking', 'shaking_head', 'standing']"                         , fft           ,    200, 0.001 , mse      ,        128,         95, 3.07±0.26   , 4.00±1.62    , 3.89±0.35    , 0.97±0.03
fft-stationary                               , test , ring1    ,          , samsung_hr_com, stationary, ['ir-filtered']                                                                           , "['sitting', 'spo2', 'talking', 'shaking_head', 'standing']"                         , fft           ,    200, 0.001 , mse      ,        128,        151, 3.27±0.22   , 4.25±1.47    , 4.07±0.29    , 0.96±0.02
fft-stationary                               , test , ring2    ,          , resp_rr       , stationary, ['ir-filtered-rr']                                                                        , "['sitting', 'spo2', 'talking', 'shaking_head', 'standing']"                         , fft           ,    200, 0.001 , mse      ,        128,        925, 4.93±0.11   , 5.98±1.24    , 26.95±0.55   , 0.21±0.03
fft-stationary                               , test , ring1    ,          , resp_rr       , stationary, ['ir-filtered-rr']                                                                        , "['sitting', 'spo2', 'talking', 'shaking_head', 'standing']"                         , fft           ,    200, 0.001 , mse      ,        128,       1414, 4.58±0.08   , 5.56±1.07    , 26.08±0.40   , 0.27±0.03
fft-stationary                               , test , ring2    ,          , oura_hr_com   , stationary, ['ir-filtered']                                                                           , "['sitting', 'spo2', 'talking', 'shaking_head', 'standing']"                         , fft           ,    200, 0.001 , mse      ,        128,        133, 3.60±0.29   , 4.91±1.99    , 4.64±0.38    , 0.93±0.03
fft-stationary                               , test , ring1    ,          , oura_hr_com   , stationary, ['ir-filtered']                                                                           , "['sitting', 'spo2', 'talking', 'shaking_head', 'standing']"                         , fft           ,    200, 0.001 , mse      ,        128,        198, 3.62±0.24   , 4.91±1.76    , 4.47±0.29    , 0.93±0.03
resnet-ring1-samsung_hr-all-ir               , test , ring1    , all-folds, samsung_hr    , all       , ['ir-filtered']                                                                           , "['sitting', 'spo2', 'deepsquat', 'talking', 'shaking_head', 'standing', 'striding']", resnet        ,    200, 0.001 , mse      ,        128,        186, 6.19±0.68   , 11.13±5.40   , 8.43±1.30    , 0.70±0.05
mamba2-ring1-hr-motion-ir                    , 5fold, ring1    , all-folds, hr            , motion    , ['ir-filtered']                                                                           , "['deepsquat', 'striding']"                                                          , mamba2        ,    200, 0.0001, mse      ,          8,         57, 18.69±2.16  , 24.68±10.44  , 24.01±3.46   , -0.65±0.10
inception-time-ring1-oura_hr-motion-ir       , test , ring1    , all-folds, oura_hr       , motion    , ['ir-filtered']                                                                           , "['deepsquat', 'striding']"                                                          , inception_time,    200, 0.001 , mse      ,        128,         39, 20.64±2.64  , 26.29±11.31  , 30.11±5.37   , -0.12±0.16
resnet-ring1-samsung_hr-motion-ir            , test , ring1    , all-folds, samsung_hr    , motion    , ['ir-filtered']                                                                           , "['deepsquat', 'striding']"                                                          , resnet        ,    200, 0.001 , mse      ,        128,         35, 18.29±2.64  , 23.90±11.45  , 27.11±5.90   , 0.02±0.17
transformer-ring2-samsung_hr-stationary-ir   , test , ring2    , all-folds, samsung_hr    , stationary, ['ir-filtered']                                                                           , "['sitting', 'spo2', 'talking', 'shaking_head', 'standing']"                         , transformer   ,    200, 0.001 , mse      ,        128,         95, 9.42±0.64   , 11.26±3.67   , 11.54±0.78   , 0.58±0.08
resnet-ring2-hr-motion-ir                    , test , ring2    , all-folds, hr            , motion    , ['ir-filtered']                                                                           , "['deepsquat', 'striding']"                                                          , resnet        ,    200, 0.001 , mse      ,        128,        181, 14.48±0.94  , 19.18±6.58   , 20.09±2.24   , 0.35±0.07
mamba2-ring1-hr-all-irredimu                 , 5fold, ring1    , all-folds, hr            , all       , "['ir-filtered', 'red-filtered', 'ax-standardized', 'ay-standardized', 'az-standardized']", "['sitting', 'spo2', 'deepsquat', 'talking', 'shaking_head', 'standing', 'striding']", mamba2        ,    200, 0.0001, mse      ,          8,        532, 12.79±0.33  , 14.94±3.48   , 15.59±0.46   , 0.08±0.04
resnet-ring1-rr-stationary-ir                , test , ring1    , all-folds, resp_rr       , stationary, ['ir-filtered-rr']                                                                        , "['sitting', 'spo2', 'talking', 'shaking_head', 'standing']"                         , resnet        ,    200, 0.001 , mse      ,        128,       1675, 2.90±0.06   , 3.71±0.74    , 20.27±0.58   , 0.31±0.02
transformer-ring1-hr-all-ir                  , 5fold, ring1    , all-folds, hr            , all       , ['ir-filtered']                                                                           , "['sitting', 'spo2', 'deepsquat', 'talking', 'shaking_head', 'standing', 'striding']", transformer   ,    200, 0.001 , mse      ,        128,       1892, 8.22±0.19   , 11.64±2.66   , 10.56±0.32   , 0.50±0.02
transformer-ring1-hr-all-ir                  , test , ring1    , all-folds, hr            , all       , ['ir-filtered']                                                                           , "['sitting', 'spo2', 'deepsquat', 'talking', 'shaking_head', 'standing', 'striding']", transformer   ,    200, 0.001 , mse      ,        128,       1929, 6.64±0.17   , 9.99±2.47    , 8.52±0.29    , 0.66±0.02
resnet-ring2-hr-stationary-ir                , test , ring2    , all-folds, hr            , stationary, ['ir-filtered']                                                                           , "['sitting', 'spo2', 'talking', 'shaking_head', 'standing']"                         , resnet        ,    200, 0.001 , mse      ,        128,       1653, 6.30±0.14   , 8.40±1.68    , 8.41±0.20    , 0.63±0.02
resnet-ring1-oura_hr-stationary-ir           , test , ring1    , all-folds, oura_hr       , stationary, ['ir-filtered']                                                                           , "['sitting', 'spo2', 'talking', 'shaking_head', 'standing']"                         , resnet        ,    200, 0.001 , mse      ,        128,        198, 3.16±0.21   , 4.28±1.67    , 3.96±0.28    , 0.95±0.02
inception-time-ring2-hr-stationary-ir        , test , ring2    , all-folds, hr            , stationary, ['ir-filtered']                                                                           , "['sitting', 'spo2', 'talking', 'shaking_head', 'standing']"                         , inception_time,    200, 0.001 , mse      ,        128,       1653, 7.27±0.13   , 9.06±1.68    , 9.51±0.18    , 0.47±0.02
inception-time-ring1-rr-motion-ir            , test , ring1    , all-folds, resp_rr       , motion    , ['ir-filtered-rr']                                                                        , "['deepsquat', 'striding']"                                                          , inception_time,    200, 0.001 , mse      ,        128,        195, 4.97±0.24   , 5.97±1.68    , 23.00±1.25   , -0.00±0.07
inceptiontime-ring1-spo2-spo2-irred          , 5fold, ring1    , all-folds, spo2          , unknown   , "['ir-filtered', 'red-filtered']"                                                         , ['spo2']                                                                             , inception_time,    200, 0.001 , mse      ,        128,        439, 3.33±0.15   , 4.61±1.38    , 3.71±0.18    , 0.08±0.05
transformer-ring1-spo2-spo2-irred            , 5fold, ring1    , all-folds, spo2          , unknown   , "['ir-filtered', 'red-filtered']"                                                         , ['spo2']                                                                             , transformer   ,    200, 0.001 , mse      ,         16,        439, 3.29±0.16   , 4.66±1.41    , 3.67±0.19    , 0.06±0.05
resnet-ring2-samsung_hr-motion-ir            , test , ring2    , all-folds, samsung_hr    , motion    , ['ir-filtered']                                                                           , "['deepsquat', 'striding']"                                                          , resnet        ,    200, 0.001 , mse      ,        128,         25, 15.57±2.94  , 21.22±11.34  , 21.71±6.26   , 0.27±0.20
inception-time-ring2-hr-all-ir               , 5fold, ring2    , all-folds, hr            , all       , ['ir-filtered']                                                                           , "['sitting', 'spo2', 'deepsquat', 'talking', 'shaking_head', 'standing', 'striding']", inception_time,    200, 0.001 , mse      ,        128,       1730, 8.71±0.18   , 11.61±2.49   , 11.33±0.31   , 0.27±0.02
inception-time-ring2-hr-all-ir               , test , ring2    , all-folds, hr            , all       , ['ir-filtered']                                                                           , "['sitting', 'spo2', 'deepsquat', 'talking', 'shaking_head', 'standing', 'striding']", inception_time,    200, 0.001 , mse      ,        128,       1834, 8.09±0.16   , 10.71±2.38   , 10.67±0.29   , 0.42±0.02
inception-time-ring1-rr-stationary-ir        , test , ring1    , all-folds, resp_rr       , stationary, ['ir-filtered-rr']                                                                        , "['sitting', 'spo2', 'talking', 'shaking_head', 'standing']"                         , inception_time,    200, 0.001 , mse      ,        128,       1675, 2.86±0.06   , 3.70±0.74    , 19.93±0.58   , 0.28±0.02
inceptiontime-ring2-bp-all-irred             , 5fold, ring2    , all-folds, BP_dia        , all       , "['ir-filtered', 'red-filtered']"                                                         , "['sitting', 'spo2', 'deepsquat', 'talking', 'shaking_head', 'standing', 'striding']", inception_time,    200, 0.001 , mse      ,        128,         97, 10.02±0.82  , 12.84±5.12   , 15.14±1.25   , -0.23±0.10
inceptiontime-ring2-bp-all-irred             , 5fold, ring2    , all-folds, BP_sys        , all       , "['ir-filtered', 'red-filtered']"                                                         , "['sitting', 'spo2', 'deepsquat', 'talking', 'shaking_head', 'standing', 'striding']", inception_time,    200, 0.001 , mse      ,        128,         97, 15.88±1.27  , 20.16±8.02   , 14.97±1.28   , -0.08±0.10
mamba2-ring1-hr-all-ir                       , 5fold, ring1    , all-folds, hr            , all       , ['ir-filtered']                                                                           , "['sitting', 'spo2', 'deepsquat', 'talking', 'shaking_head', 'standing', 'striding']", mamba2        ,    200, 0.0001, mse      ,          8,       1892, 8.93±0.19   , 12.16±2.74   , 11.75±0.34   , 0.47±0.02
mamba2-ring1-hr-all-ir                       , 5fold, ring1    , all-folds, hr            , all       , ['ir-filtered']                                                                           , "['sitting', 'spo2', 'deepsquat', 'talking', 'shaking_head', 'standing', 'striding']", mamba2        ,    200, 0.0001, mse      ,          8,        532, 11.15±0.38  , 14.15±3.63   , 13.97±0.52   , -0.08±0.04
mamba2-ring1-hr-all-ir                       , 5fold, ring1    , all-folds, hr            , all       , ['ir-filtered']                                                                           , "['sitting', 'spo2', 'deepsquat', 'talking', 'shaking_head', 'standing', 'striding']", mamba2        ,    200, 0.0001, mse      ,          8,        532, 10.78±0.33  , 13.25±3.44   , 13.54±0.48   , 0.04±0.04
transformer-ring2-samsung_hr-all-ir          , test , ring2    , all-folds, samsung_hr    , all       , ['ir-filtered']                                                                           , "['sitting', 'spo2', 'deepsquat', 'talking', 'shaking_head', 'standing', 'striding']", transformer   ,    200, 0.001 , mse      ,        128,        120, 11.04±0.87  , 14.56±6.00   , 13.80±1.39   , 0.38±0.09
inception-time-ring1-hr-motion-ir            , test , ring1    , all-folds, hr            , motion    , ['ir-filtered']                                                                           , "['deepsquat', 'striding']"                                                          , inception_time,    200, 0.001 , mse      ,        128,        191, 18.76±1.07  , 23.83±7.11   , 25.90±2.23   , 0.10±0.07
mamba2-ring2-rr-stationary-ir                , 5fold, ring2    , all-folds, resp_rr       , stationary, ['ir-filtered-rr']                                                                        , "['sitting', 'spo2', 'talking', 'shaking_head', 'standing']"                         , mamba2        ,    200, 0.0001, mse      ,          8,        387, 4.25±0.14   , 5.04±1.22    , 29.19±1.41   , -0.29±0.05
inception-time-ring2-oura_hr-stationary-ir   , test , ring2    , all-folds, oura_hr       , stationary, ['ir-filtered']                                                                           , "['sitting', 'spo2', 'talking', 'shaking_head', 'standing']"                         , inception_time,    200, 0.001 , mse      ,        128,        133, 9.36±0.51   , 11.03±3.43   , 12.12±0.74   , 0.45±0.08
transformer-ring1-samsung_hr-all-ir          , test , ring1    , all-folds, samsung_hr    , all       , ['ir-filtered']                                                                           , "['sitting', 'spo2', 'deepsquat', 'talking', 'shaking_head', 'standing', 'striding']", transformer   ,    200, 0.001 , mse      ,        128,        186, 8.44±0.69   , 12.60±5.32   , 10.90±1.20   , 0.61±0.06
fft-motion                                   , test , ring2    ,          , hr            , motion    , ['ir-filtered']                                                                           , "['deepsquat', 'striding']"                                                          , fft           ,    200, 0.001 , mse      ,        128,        181, 39.52±1.69  , 45.55±12.20  , 42.79±1.41   , 0.10±0.07
fft-motion                                   , test , ring1    ,          , hr            , motion    , ['ir-filtered']                                                                           , "['deepsquat', 'striding']"                                                          , fft           ,    200, 0.001 , mse      ,        128,        191, 39.25±1.63  , 45.25±11.65  , 43.65±1.37   , 0.09±0.07
fft-motion                                   , test , ring2    ,          , samsung_hr    , motion    , ['ir-filtered']                                                                           , "['deepsquat', 'striding']"                                                          , fft           ,    200, 0.001 , mse      ,        128,         25, 40.88±4.51  , 46.47±21.02  , 44.51±3.10   , -0.08±0.21
fft-motion                                   , test , ring1    ,          , samsung_hr    , motion    , ['ir-filtered']                                                                           , "['deepsquat', 'striding']"                                                          , fft           ,    200, 0.001 , mse      ,        128,         35, 41.95±3.59  , 46.89±18.16  , 47.37±2.71   , -0.16±0.17
fft-motion                                   , test , ring2    ,          , oura_hr       , motion    , ['ir-filtered']                                                                           , "['deepsquat', 'striding']"                                                          , fft           ,    200, 0.001 , mse      ,        128,         27, 42.02±4.37  , 47.57±20.70  , 45.30±2.95   , -0.16±0.20
fft-motion                                   , test , ring1    ,          , oura_hr       , motion    , ['ir-filtered']                                                                           , "['deepsquat', 'striding']"                                                          , fft           ,    200, 0.001 , mse      ,        128,         39, 40.81±3.57  , 46.37±17.85  , 46.17±2.73   , -0.10±0.16
fft-motion                                   , test , ring2    ,          , samsung_hr_com, motion    , ['ir-filtered']                                                                           , "['deepsquat', 'striding']"                                                          , fft           ,    200, 0.001 , mse      ,        128,         25, 36.03±4.66  , 42.64±21.90  , 49.17±11.01  , 0.41±0.19
fft-motion                                   , test , ring1    ,          , samsung_hr_com, motion    , ['ir-filtered']                                                                           , "['deepsquat', 'striding']"                                                          , fft           ,    200, 0.001 , mse      ,        128,         35, 38.51±3.86  , 44.59±19.41  , 56.51±9.52   , 0.38±0.16
fft-motion                                   , test , ring2    ,          , resp_rr       , motion    , ['ir-filtered-rr']                                                                        , "['deepsquat', 'striding']"                                                          , fft           ,    200, 0.001 , mse      ,        128,         15, 6.45±1.06   , 7.58±4.10    , 35.22±6.75   , 0.20±0.27
fft-motion                                   , test , ring1    ,          , resp_rr       , motion    , ['ir-filtered-rr']                                                                        , "['deepsquat', 'striding']"                                                          , fft           ,    200, 0.001 , mse      ,        128,         30, 6.54±0.73   , 7.64±3.41    , 33.00±3.21   , 0.04±0.19
fft-motion                                   , test , ring2    ,          , oura_hr_com   , motion    , ['ir-filtered']                                                                           , "['deepsquat', 'striding']"                                                          , fft           ,    200, 0.001 , mse      ,        128,         27, 44.80±4.20  , 49.64±23.00  , 62.36±11.85  , 0.00±0.20
fft-motion                                   , test , ring1    ,          , oura_hr_com   , motion    , ['ir-filtered']                                                                           , "['deepsquat', 'striding']"                                                          , fft           ,    200, 0.001 , mse      ,        128,         39, 42.95±3.54  , 48.17±19.93  , 66.46±10.04  , 0.18±0.16
mamba2-ring1-rr-all-ir                       , 5fold, ring1    , all-folds, resp_rr       , all       , ['ir-filtered-rr']                                                                        , "['sitting', 'spo2', 'deepsquat', 'talking', 'shaking_head', 'standing', 'striding']", mamba2        ,    200, 0.0001, mse      ,          8,        534, 4.19±0.12   , 5.06±1.18    , 28.51±1.30   , -0.28±0.04
mamba2-ring1-rr-all-ir                       , 5fold, ring1    , all-folds, resp_rr       , all       , ['ir-filtered-rr']                                                                        , "['sitting', 'spo2', 'deepsquat', 'talking', 'shaking_head', 'standing', 'striding']", mamba2        ,    200, 0.0001, mse      ,          8,        534, 4.02±0.12   , 4.92±1.18    , 27.40±1.29   , -0.20±0.04
